dataset,role,sample,first_or_repeat,http_status,http_bytes,http_ms,navigation_visible_ms,browser_ttfb_ms,browser_dom_content_loaded_ms
A,Admin,0,first,200,16055,6043.44,6395.92,6158.2,6285.1
A,Admin,1,repeat,200,16055,5707.1,6349.98,6232.9,6300
A,Admin,2,repeat,200,16055,5824.49,5988.6,5872.2,5934.6
A,Admin,3,repeat,200,16055,5685.38,5657.53,5559.6,5607.5
A,Admin,4,repeat,200,16055,5706.08,5866.34,5769.2,5825.3
A,Admin,5,repeat,200,16055,5508.28,5809.17,5712.2,5765.3
A,Management,0,first,200,12246,11612.61,12020.15,11887.1,11936.8
A,Management,1,repeat,200,12246,11598.55,11976.42,11887.4,11940.2
A,Management,2,repeat,200,12246,11751.73,12193.4,12107.2,12155.2
A,Management,3,repeat,200,12246,11637.08,12010.54,11918.1,11968.3
A,Management,4,repeat,200,12246,11798.28,12355.75,12267.9,12320.4
A,Management,5,repeat,200,12246,11635.66,11922.57,11833.2,11884
B,Admin,0,first,200,16056,6753.81,6338.94,6122.4,6280.1
B,Admin,1,repeat,200,16056,6146.42,6459.05,6349.1,6406.3
B,Admin,2,repeat,200,16056,6080.53,6246.6,6153.5,6204.7
B,Admin,3,repeat,200,16056,6559.62,6372.97,6283,6332.7
B,Admin,4,repeat,200,16056,6027.45,6276.43,6191,6239.9
B,Admin,5,repeat,200,16056,6151.99,6129.44,6039,6089.6
B,Management,0,first,200,12247,12236.58,12544.86,12404.1,12463
B,Management,1,repeat,200,12247,12150.68,12565.02,12471.7,12524.3
B,Management,2,repeat,200,12247,12294.38,12520.16,12430.3,12482
B,Management,3,repeat,200,12247,12227.25,12445.48,12342.7,12397.9
B,Management,4,repeat,200,12247,12549.01,12573.12,12473.1,12536.5
B,Management,5,repeat,200,12247,12194.38,12320.97,12230.7,12283.7
